sequence,uM
PFKISIHL,67.05783738
KRIVKLILKWLR,2.553626149
RIWVIWRR,13.50666892
WGIRRILKYGKRS,39.18447315
ILRWPWWPWRRK,4.493877092
GMWSKILKHLIR,1.349345567
VAEARQGSFSY,1024
IIPLPLGYFAKKT,1024
VRLIVAVRIWRR,20.81571587
YPELQQDLIARLL,1024
GLLKRIKTLL,55.4208521
APKGVQGPNG,1024
AAGMGFFGAR,520.1138
RPKPQQFFGLM,11.86151679
ILPWKWPWWPWRR,4.194410947
KWRRWVRWI,5.772838793
IWRVWRRWK,11.54567759
KWIKWIKWI,6.150061501
KWIRWVRWI,1.489425082
KFRRFVRFI,100.8827238
KPRRPVRPI,1024
VRRFPWWWPFLRR,8.410428932
FPVTWRWWKWWKG,8.586915687
RRWQWRMKKLG,1024
FLGGLLASLLGKI,12.28784272
FLPLIGRVLSGIL,5.721642111
FFFLSRIF,1024
FWQKMSFA,1024
WWWLRKIW,3.140703518
TPFKLSLHL,1024
KIAKVALKAL,1024
FLPGLLAGLL,1024
GLTRLFSVIK,451.6186
KLLKWLLKL,6.927606512
KKLLKWLLKLL,2.864919066
LKKLLKWLLKLLK,9.770395701
SLLSLIRKLIT,3.18243297
RPKPQQFFGLM,1024
NLKAIAALAKKLL,46.81442469
FLPIIGKLLSGLL,2.889755816
FLPIIGKLLSG,442.218
ILGTILGLLKGL,13.2122213
IDWKKLLDAAKQIL,9.665337683
ILGTILGLLKSL,12.89282836
GMWSKILKHLIR,2.698691135
LNWGALLKHLLK,2.844747884
ILPIRSLIKKLL,22.74019329
FLPLKKLRFGLL,354.2762
LLPIVGNLLKSLL,22.96870514
ILGKIWEGIKSLF,5.318441697
NFLGTLVNLAKKIL,2.590170304
FMPIIGRLMSGSL,1024
FIGAIARLLSKIF,1.380071764
GFWGKLWEGVKNAI,9.967605283
ILSAIWSGIKSLF,11.14904885
IWSAIWSGIKGLL,2.769891282
GLLSLLSLLGKLL,11.93851664
GLLPLLSLLGKLL,2.962524071
FFGSLLKLLPKLL,2.685825556
LLGSLLKLLPKLL,2.814324914
FFGKVLKLIRKIF,9.940975458
GILGKLWEGFKSIV,5.170296646
FLSTIWNGIKSLL,5.36157094
FLGALWNVAKSVF,5.509262447
FLSTLWNAAKSIF,5.340453939
FIPLVSGLFSRLL,21.88483108
VIPIVSGLLSSLL,390.5118
